-- Vendor Groups
DROP TABLE IF EXISTS vendor_groups CASCADE;
CREATE TABLE IF NOT EXISTS vendor_groups (
    id SERIAL PRIMARY KEY,
    legacy_id INTEGER UNIQUE,
    name VARCHAR(255) NOT NULL,
    group_type_id INTEGER
);

INSERT INTO vendor_groups (legacy_id, name) VALUES 
(1490, 'RAMRATAN TECHNO WEAVE'),
(1491, 'DOMESTIC BUYER'),
(1492, 'DOMESTIC FABRICS SUPPLIERS'),
(1493, 'DOMESTIC SIZING'),
(1494, 'DOMESTIC YARN SUPPLIER'),
(1495, 'DOMESTIC JOB WEAVER'),
(1496, 'AMIT BAKLIWAL'),
(1497, 'SHIV SHAKTI SIZING'),
(1498, 'JAKBRILLO SIZING'),
(1499, 'VELV FINE POLYTEX'),
(1500, 'JAINCO'),
(1501, 'MADHAV AGENCIES'),
(1502, 'KRISHNA YARN AGENCY'),
(1503, 'NAVDURGA YARNS LLP'),
(1504, 'ARVIND IMPEX'),
(1505, 'MAHESHWARY CORPORATION'),
(1506, 'VISHNU TEXTILE CORPORATION'),
(1507, 'GLORIOUS SALES LLP'),
(1508, 'SHRI LAXMI NARSINH TEXTILE'),
(1509, 'KRISHNA VERALA MAG . SAH .SOOT GIRNI LTD'),
(1510, 'SURYALAXMI TEXFAB PRIVATE LIMITED'),
(1511, 'VINEET COTEX PVT LTD'),
(1512, 'SHREE HARI YARNS PVT LTD'),
(1513, 'JAI KANHAIYA MILLS LLP'),
(1514, 'GANPATI POLY - TEX'),
(1515, 'SARASWATI IMPEX'),
(1516, 'LAXMINATH TEXTILES'),
(1517, 'NIMBARK FASHIONS LIMITED'),
(1518, 'PUNRASAR TEXTILES'),
(1519, 'SUPREME YARN AGENCY'),
(1520, 'SHAKUNTALA TEXTILES'),
(1521, 'SHRI SHYAM TEXTILES'),
(1522, 'EVEREST DEALTRADE PRIVATE LIMITED'),
(1523, 'DODHIA SYNTHETICS LTD'),
(1524, 'MAHESHWARY CROCHIT COTTON'),
(1525, 'HIMEER TEXTILES'),
(1526, 'G S PAGARIA'),
(1527, 'SHIVARMAN'),
(1528, 'NAMO TEX FAB'),
(1529, 'PREM PRAKASH SILK MILLS'),
(1530, 'QMAX WORLD LLP'),
(1531, 'VENKATESHWAR TEXTILES'),
(1532, 'SHAH MAHESHKUMAR LAXMICHAND'),
(1533, 'SOURABH MANTRI'),
(1534, 'SIYARAM SILK MILLS LIMITED'),
(1535, 'J R C SYNTHETICS'),
(1536, 'SHREE LAXMINARAYAN TEX'),
(1537, 'MOOL TEX CREATION'),
(1538, 'ICHALKARANJI YARNS LLP'),
(1539, 'SILLCON SYNTHETICS'),
(1540, 'N C CORPORATION'),
(1541, 'SAVLA FABRICS LLP'),
(1542, 'KAMADGIRI FASHIONS LTD'),
(1543, 'SHALI BHADRA TEXTILES'),
(1544, 'BHAWANA FABRICS'),
(1545, 'ARIHANT TEXTILES'),
(1546, 'MAHAVEER TEXTILE CORPORTAION'),
(1547, 'RAJKRIPA TEXTILES'),
(1548, 'RUDDHI SILK MILL'),
(1549, 'RATNA RAGHVENDRA HAVAL'),
(1550, 'INDIAN TEXTILES'),
(1551, 'MAHADEV SIZING'),
(1552, 'SHREE NAMAN FABRICS'),
(1553, 'NIRAJ TEXTILES MILL'),
(1554, 'MOHANLAL AND SONS'),
(1555, 'VIJAYPATAKA INTERNATIONAL'),
(1556, 'PEARL IMPEX'),
(1557, 'G S TRADING CO'),
(1558, 'JK FABTEX INDUSTRIES PRIVATE LIMITED'),
(1559, 'TEXTREE K K SILK MILLS LTD'),
(1560, 'SAIRAM SYNTHETICS INDIA'),
(1561, 'VARDHAMAN FABRICS'),
(1562, 'SUNCOTT CREATION'),
(1563, 'VISHNU LAXMI SILK MILLS'),
(1564, 'AAYUSH QUALITY WORLD LLP'),
(1565, 'CHIRANJILAL YARNS PRIVATE LIMITED'),
(1566, 'HI CHOICE YARN DISTRIBUTORS'),
(1567, 'USHA ANAND SIZING'),
(1568, 'RAMRATAN TOYOTA 210'),
(1569, 'GIRISH SHARMA'),
(1570, 'R C MANTRI'),
(1571, 'MAHESH TEXFAB'),
(1572, 'MAHESH TEXFAB'),
(1573, 'SHAH NEMICHAND DILIPKUMAR'),
(1574, 'RATHI TEX FAB'),
(1575, 'HARSHADA SIZING'),
(1576, 'GIRDHARLAL & SONS'),
(1577, 'SABOO SYNT'),
(1578, 'SARA FABRICS'),
(1579, 'SAAD SIZING'),
(1580, 'AAYUSH TEX DYE PVT LTD'),
(1581, 'BHAWANI WINDING'),
(1582, 'JAIPURIA ENTERPRISES'),
(1583, 'SUDHIR DARGAD'),
(1584, 'SARA FABRICS'),
(1585, 'SWADESHI SIZERS'),
(1586, 'G M WEAVINGS MILLS'),
(1587, 'JINEDRA ENTERPRISES'),
(1588, 'MAHALAXMI ENTERPRISES'),
(1589, 'RAMSWAROOP C. MANTRI'),
(1590, 'SARVODAY TEXTILE INDUSTRIES PVT LTD.'),
(1591, 'SHRI KRISHNA INDUSTRIES'),
(1592, 'SHUBHAM TEX FAB'),
(1593, 'MAHALAXMI TRADERS'),
(1594, 'SHRI MANGLAM INDUSTRIES'),
(1595, 'MUNDRA & MUNDRA'),
(1596, 'MAHESHWARI TRADING COMPANY'),
(1597, 'ANAND INDUSTRIES'),
(1598, 'TEXMACO'),
(1599, 'AMIT INDUSTRIES'),
(1600, 'SKM INDUSTRIES'),
(1601, 'VISHAL TEXTILE INDUSTRIES'),
(1602, 'BAKLIWAL TEXTILES PRAVATE LIMITED'),
(1603, 'AARVI COTSYN'),
(1604, 'AGARWAL EXPORTS'),
(1605, 'ADITYA MARKETING'),
(1606, 'NANDI TEXFAB LIMITED'),
(1607, 'JAINCO SYNTEX PRIVATE LIM ITED'),
(1608, 'SHREE LALIT SYNTEX'),
(1609, 'SUDHIR SHRIGOPAL DARGAD'),
(1610, 'HARSHIT TEXFAB'),
(1611, 'G M GROUP'),
(1612, 'MANIBHADRA POLYCOTS'),
(1613, 'BALDEV'),
(1614, 'R K TEX'),
(1615, 'KRISHNA TRADERS'),
(1616, 'BAHETI'),
(1617, 'KAMALANANT FABTEX LLP'),
(1618, 'SURYA AGENCY'),
(1619, 'RIMZIM TEXCOM'),
(1620, 'MANISH MUNDRA'),
(1621, 'BHARAT JAIN'),
(1622, 'SHUBHAM DANGRA'),
(1623, 'MAHESHWARI BROTHERS'),
(1624, 'MANISH TEXTILE MILLS'),
(1625, 'KAMALA CORP'),
(1626, 'MATULYA'),
(1627, 'UPKAR KESARI GROUP'),
(1628, 'YATINKUMAR PRATIKKUMAR'),
(1629, 'ANAND BANGAD'),
(1630, 'M NARESHKUMAR & CO'),
(1631, 'PRAVIR TEXTILES PVT LTD'),
(1632, 'DURGA WIDING'),
(1633, 'J K INTERNATIONAL'),
(1634, 'COMBOZ INDUSTRIES'),
(1635, 'SUNRISE SYNTEX'),
(1636, 'MAA SRI TEX PRIVATE LIMITED'),
(1637, 'MANAN TEXTILES'),
(1638, 'INDRAPUJA IMPEX'),
(1639, 'SHIV TEX'),
(1640, 'D J IMPEX & CO'),
(1641, 'MUKUT MANI CREATIONS PVT LTD'),
(1642, 'USHA ANAND'),
(1643, 'TOTALA WARPING'),
(1644, 'K K GROUP OF TEXTILES'),
(1645, 'HARSHA YARN & SYNTHETICS PVT LTD'),
(1646, 'SHREE MAHAVIR FABRICS MFG CO'),
(1647, 'NARAYANI POLYCOT'),
(1648, 'D K FABRICS'),
(1649, 'MAHALAXMI POPLINE MILLS PVT LTD'),
(1650, 'ENCOT FABRICS PVT LTD'),
(1651, 'MITTAL INDUSTRIES'),
(1652, 'DEVIKA SYNTHETICS PRIVATE LIMITED'),
(1653, 'MAHABIR TEXTILE AGENCY'),
(1654, 'MARUTI SIZERS'),
(1655, 'BHAGERIA AGENCIES PVT LTD'),
(1656, 'BHAGERIA WEAVES PVT LTD'),
(1657, 'TAPARIA YARN N FABRIC'),
(1658, 'PRAGATI AGENCIES'),
(1659, 'CHARBHUJA SIZERS'),
(1660, 'APSARA FABRICS'),
(1661, 'TESLA CORP'),
(1662, 'DIKSHA TEXFAB'),
(1663, 'C R IMPEX'),
(1664, 'TECHNO WEAVE TEXTILES'),
(1665, 'PARAMSIDH INDUSTRIES'),
(1666, 'PARAS TEXTILES'),
(1667, 'BHAGIRATH YARN AGENCY'),
(1668, 'MUDGAL SIZING INDUSTRIES'),
(1669, 'SURANA SONS');

-- Vendors
DROP TABLE IF EXISTS vendors CASCADE;
CREATE TABLE IF NOT EXISTS vendors (
    id SERIAL PRIMARY KEY,
    code VARCHAR(50),
    name VARCHAR(255),
    vendor_group_id INTEGER REFERENCES vendor_groups(legacy_id), -- Linking to legacy_id since that is what we have 
    address TEXT,
    city VARCHAR(100),
    pincode VARCHAR(20),
    state VARCHAR(100),
    gstn VARCHAR(50),
    is_active BOOLEAN
);

INSERT INTO vendors (code, name, vendor_group_id, address, city, pincode, state, gstn, is_active) VALUES 
('V00107', 'SURANA SONS', 1669, '-', 'MUMBAI', '400003', 'MAHARASHTRA', '-', true),
('V00107', 'MUDGAL SIZING INDUSTRIES', 1668, '-', 'ICHALKARANJI', '416115', 'MAHARASHTRA', '-', true),
('V00107', 'MUSKAN TEX WORLD', NULL, '12/872 KAGWADE MALA', 'ICHALKARANJI', '416115', 'MAHARASHTRA', '27ADVPJ3342C1ZK', true),
('V00107', 'BHAGIRATH YARN AGENCY', 1667, '-', 'ICHALKARANJI', '416115', 'MAHARASHTRA', '-', true),
('V00107', 'SUAM OVERSEAS PVT LTD', 1506, 'NH-48 VILLAGE DHUWALIYA RALLA', 'BHILWARA', '311024', 'Rajasthan', '08AAFCS9934F1Z0', true),
('V00107', 'PARAS TEXTILES', 1666, '9/40 MAHASTTA CHOWK SALUNKHE MALA SANGLI ROAD', 'ICHALKARANJI', '416115', 'MAHARASHTRA', '27FENPS9614L1ZI', true),
('V00107', 'PARAMSIDH INDUSTRIES PRIVATE LIMITED', 1665, 'GALA NO 4 1ST FLOOR SHAHU MARKET JANTA CHOWK', 'ICHALKARANJI', '416115', 'MAHARASHTRA', '27AAKCP3995L1ZK', true),
('V00107', 'TECHNO WEAVE TEXTILES', 1664, 'Near sonam car gas , shahapur ,', 'ICHALKARANJI', '416115', 'MAHARASHTRA', '27BENPS4363G1Z1', true),
('V00107', 'DIKSHA TEXFAB', 1662, 'ROW H NO C-14 GAT NO 425/23 LAXMI VYANKATESH NAGAR', 'ICHALKARANJI', '416115', 'MAHARASHTRA', '27AAQHP6843Q1Z1', true),
('V00107', 'APSARA FABRICS', 1660, '12/537/1 KAMAKSHI PLAZA,2ND FLOOR,NEAR HOTEL MANN,SHAHU CORNER', 'ICHALKARANJI', '416115', 'MAHARASHTRA', '27ABNPM0009K1ZM', true),
('V00107', 'VIRAJ INDUSTRIES', NULL, '5313 NEAR AWALE HIGHSCHOOL KOROCHI', 'ICHALKARANJI', '416115', 'MAHARASHTRA', '27DZOPM2177J1ZQ', true),
('V00107', 'INFOPINE CONSULTANCY SERVICES PRIVATE LIMITED', NULL, '-', 'MYSURU', '570023', 'Karnataka', '29AAECI3798L1ZS', true),
('V00107', 'ROYAL TRANSPORT', NULL, '-', 'ICHALKARANJI', '416115', 'MAHARASHTRA', '-', true),
('V00107', 'SHRI MAHAGANPATI ROADLINES', NULL, '-', 'ICHALKARANJI', '416115', 'MAHARASHTRA', '27BAYPG9791D2ZX', true),
('V00107', 'SS COMMUNICATION & SERVICES PVT LTD', NULL, '-', 'ICHALKARANJI', '416115', 'MAHARASHTRA', '27AAXCS2330R1ZH', true),
('V00107', 'BUSINESS COACHING INDIA LLP', NULL, '2ND FLR,VIPPS CENTRE-2 BEHIND JMD MALL,MASJID MOTH GREATER KAILASH PART-2', 'DELHI', '110048', 'Delhi', '07AARFB6389E1Z0', true),
('V00107', 'CHARBHUJA SIZERS', 1659, '-', 'ICHALKARANJI', '416115', 'MAHARASHTRA', '-', true),
('V00107', 'PRAGATI AGENCIES', 1658, 'VISHNU CHAMBERS SHAHU CORNER', 'ICHALKARANJI', '416115', 'MAHARASHTRA', '27AAATN1997K1Z1', true),
('V00107', 'TAPARIA YARN N FABRIC', 1657, '8/1229/3 MANOMUKUND CETP RING ROAD BEHIND BOHARA MARKET', 'ICHALKARANJI', '416115', 'MAHARASHTRA', '27AABPT4918M1Z7', true),
('V00107', 'BHAGERIA WEAVES PVT LTD', 1656, 'W NO 12 H NO 283 BUNGLOW ROAD', 'ICHALKARANJI', '416115', 'MAHARASHTRA', '27AAMCB1866E1ZL', true),
('V00107', 'BHAGERIA AGENCIES PVT LTD', 1655, '12/283 BUNGALOW ROAD', 'ICHALKARANJI', '416115', 'MAHARASHTRA', '27AAACB7401P1ZJ', true),
('V00107', 'MARUTI SIZERS', 1654, 'PLOT NO 107 KHANJIRE INDUTRIAL ESTATE', 'ICHALKARANJI', '416115', 'MAHARASHTRA', '27ABBPB0173H1Z7', true),
('V00107', 'MAHABIR TEXTILE AGENCY', 1653, '12/283 BUNGLOW RAOD', 'ICHALKARANJI', '416115', 'MAHARASHTRA', '27AFDPB3888F1ZH', true),
('V00107', 'DEVIKA SYNTHETICS PRIVATE LIMITED', 1652, '109C,110C CTS 1629 MITTAL COMMERCIA PREMISES CO OP SOCIETY LTD OFF M V ROAD MAROL VILLAGE ANDHERI EAST MUMBAI', 'ICHALKARANJI', '416115', 'MAHARASHTRA', '27AACCD1842N1ZI', true),
('V00107', 'MAHALAXMI POPLINE MILLS PVT LTD', 1649, '5/366 MAHALAXMI HOUSE NEAR MAHESH SEVA SAMITI', 'ICHALKARANJI', '416115', 'MAHARASHTRA', '27AAGCM2767B1ZK', true);

-- Mills
DROP TABLE IF EXISTS mills CASCADE;
CREATE TABLE IF NOT EXISTS mills (
    id SERIAL PRIMARY KEY,
    legacy_id INTEGER UNIQUE,
    name VARCHAR(255)
);

INSERT INTO mills (legacy_id, name) VALUES 
(1, 'SITARAM'),
(2, 'MOHAN'),
(3, 'TRIDENT'),
(4, 'JAYDEEP'),
(5, 'BHAGIRATH'),
(6, 'PEEVEE'),
(7, 'MEHRA'),
(8, 'BOTHARA'),
(9, 'PSS GOLD'),
(10, 'LAXMI'),
(11, 'VSM'),
(12, 'ARVIND'),
(13, 'SANATHAN'),
(14, 'NAHAR'),
(15, 'WELLKNOWN'),
(16, 'INDORAMA'),
(17, 'GHCL'),
(18, 'VISAKA'),
(19, 'KANDOI'),
(20, 'DENIM'),
(21, 'BHUMI'),
(22, 'RAMCO'),
(23, 'PVR'),
(24, 'SPORT KING'),
(25, 'NAGREEKA'),
(26, 'MARUTI'),
(27, 'TEN MURGAN'),
(28, 'CSPL'),
(29, 'ANANDAN'),
(30, 'SIDDHI'),
(31, 'RELIANCE'),
(32, 'S A ANANDAN'),
(33, 'J K'),
(34, 'RAGHAVENDRA'),
(35, 'RAJPALAYAM'),
(36, 'J S TEX'),
(37, 'SHAHI'),
(38, 'J D YARNS'),
(39, 'tirumala'),
(40, 'PARVATI'),
(41, 'GTN'),
(42, 'VALSON'),
(43, 'MAHESH'),
(44, 'PALLAVA'),
(45, 'ZARI'),
(46, 'JPP'),
(47, 'MANJEET'),
(48, 'SSM'),
(49, 'KUMARGIRI'),
(50, 'AJINKYATARA'),
(51, 'NIMBARK'),
(52, 'NAGAMMAL'),
(53, 'SWARNLATA'),
(54, 'RAJGURU'),
(55, 'PPT'),
(56, 'AKM'),
(57, 'DODHIA'),
(58, 'FRESH'),
(59, 'SINTEX'),
(60, 'RAJLAXMI'),
(61, 'SHIVAY'),
(62, 'COTLIN SLUB'),
(63, 'ATM'),
(64, 'TEJRAJ'),
(65, 'PARMESHWARI'),
(66, 'DEVINTHRA'),
(67, 'PRIMA'),
(68, 'JIVHAI EXPORT'),
(69, 'J K YARN'),
(70, 'LAXMINARAYAN'),
(71, 'AISHWARYA'),
(72, 'ALOK'),
(73, 'PREMIER'),
(74, 'DIAMOND'),
(75, 'NIMBARK ZAYKA'),
(76, 'M EXPORT'),
(77, 'LOTUS'),
(78, 'P RED'),
(79, 'MAHAVEER'),
(80, 'PRITHVI'),
(81, 'MARIS'),
(82, 'SWAN'),
(83, 'VARDHAMAN'),
(84, 'OSWAL'),
(85, 'BHAGWATI'),
(86, 'MAHATAMA'),
(87, 'SHARAYU'),
(88, 'S A TEXTILE');

-- Yarn Items
DROP TABLE IF EXISTS yarn_items CASCADE;
CREATE TABLE IF NOT EXISTS yarn_items (
    id SERIAL PRIMARY KEY,
    legacy_id INTEGER UNIQUE,
    name VARCHAR(255)
);

INSERT INTO yarn_items (legacy_id, name) VALUES 
(1, '61CPT'),
(2, '30C'),
(3, '20C'),
(4, '21SLB'),
(5, '51CPT'),
(6, '20 LY'),
(7, '21OE'),
(8, '32CTN'),
(9, '10 SLB'),
(10, '80/300'),
(11, '40PV'),
(12, '97 LYC'),
(13, '41 CPT'),
(14, '31SLB'),
(15, '80 DEN'),
(16, '42PV'),
(17, '220 DEN'),
(18, '97  SUPER STRETCH LYCRA'),
(19, '42 CTN'),
(20, '2/63  DEN'),
(21, '2/32  CTN'),
(22, '42 LYCRA'),
(23, '75 DEN'),
(24, '51 LYC'),
(25, '150 CATIONIC'),
(26, '30VIS'),
(27, '34 VISCOSE'),
(28, '80/1000'),
(29, '34 ZARI'),
(30, '40 VISCOSE'),
(31, '2/76  PSF'),
(32, '40 PSF'),
(33, '80 CATIONIC'),
(34, '62C'),
(35, '10OE'),
(36, '41 SLUB'),
(37, '40 TNC'),
(38, '150 BRIGHT'),
(39, '21 VISCOSE'),
(40, '2/80'),
(41, '30LYCRA'),
(42, '16SLB'),
(43, '90LYCRA'),
(44, '240LYCRA'),
(45, '21COTLIN SLUB'),
(46, '36PV HM'),
(47, '45 PV'),
(48, '2/40 PV'),
(49, '21 ZAYKA SLUB'),
(50, '150 FILATEX'),
(51, '1/61  1 NE  SLUB SLB'),
(52, '321 SWAN'),
(53, '1/24  1 SLUB  SLUB SLB'),
(54, '30.5 SLUB'),
(55, '60 PSF');

-- Godown Locations
DROP TABLE IF EXISTS godown_locations CASCADE;
CREATE TABLE IF NOT EXISTS godown_locations (
    id SERIAL PRIMARY KEY,
    legacy_id INTEGER UNIQUE,
    name VARCHAR(255)
);

INSERT INTO godown_locations (legacy_id, name) VALUES 
(2, 'AIRJET FABRIC'),
(4, 'RAPPIER FABRIC'),
(5, 'RTW YARN'),
(8, 'VIKRANT FABRIC'),
(9, 'SHIVSHAKTI SIZING'),
(10, 'JAKBRILLO SIZING'),
(11, 'MAHADEV SIZING'),
(13, 'K K WARPERS'),
(14, 'TOTALA WARPING'),
(15, 'USHA ANAND SIZING'),
(16, 'KHARAD LOCATION'),
(17, 'CHARBHUJA SIZERS'),
(18, 'MUDGAL SIZING INDUSTRIES');

-- Stock Types
DROP TABLE IF EXISTS stock_types CASCADE;
CREATE TABLE IF NOT EXISTS stock_types (
    id SERIAL PRIMARY KEY,
    legacy_id INTEGER UNIQUE,
    name VARCHAR(50)
);

INSERT INTO stock_types (legacy_id, name) VALUES 
(1, 'F'),
(2, 'K'),
(3, 'WFB'),
(4, 'W'),
(5, 'L'),
(6, 'RJ'),
(7, 'HFM'),
(8, 'R'),
(9, 'EB'),
(10, 'E'),
(11, 'V'),
(12, 'DAMAGED');

-- Yarn Adjust Entries
DROP TABLE IF EXISTS yarn_adjust_entries CASCADE;
CREATE TABLE IF NOT EXISTS yarn_adjust_entries (
    id SERIAL PRIMARY KEY,
    yarn_name VARCHAR(255),
    mill_names_list TEXT, 
    location_names_list TEXT,
    stock_type_names_list TEXT,
    quantity NUMERIC(10, 2)
);

INSERT INTO yarn_adjust_entries (yarn_name, mill_names_list, location_names_list, stock_type_names_list, quantity) VALUES 
('80 DEN', 'RELIANCE', 'AIRJET FABRIC,RTW YARN', 'F,R', 1533.48),
('62C', 'AKM', 'RTW YARN', 'K', 57.7),
('40PV', 'ARVIND', 'RTW YARN', 'K,W', 371.05),
('61CPT', 'ARVIND,JAYDEEP,PPT,TRIDENT', 'RTW YARN', 'F,K,W', 1926.41),
('32CTN', 'BOTHARA', 'RTW YARN', 'K,W', 209.65),
('51CPT', 'JAYDEEP,SANATHAN', 'RTW YARN', 'F,K,W', 290.5),
('2/76 PSF', 'DODHIA', 'RTW YARN', 'F', 761.25),
('10 SLB', 'PEEVEE', 'RTW YARN', 'W', 45.2),
('41 CPT', 'SINTEX', 'RTW YARN', 'K', 57),
('32CTN', 'BOTHARA', 'SHIVSHAKTI SIZING', 'F', 1270.08),
('41 CPT', 'SINTEX', 'RTW YARN', 'F', 861.8399999999999),
('2/76 PSF', 'DODHIA', 'RTW YARN', 'F', 0),
('61CPT', 'JAYDEEP', 'RTW YARN', 'F,K', 0),
('80/300', 'MEHRA', 'RTW YARN', 'F', 355.96),
('42PV', 'NAHAR', 'RTW YARN', 'F', 1884.75),
('40PV', 'ARVIND,NAHAR', 'RTW YARN', 'F', 4936.4),
('40 TNC', 'PALLAVA', 'RTW YARN', 'F', 288),
('61CPT', 'JAYDEEP', 'RTW YARN', 'F,K', 0),
('61CPT', 'JAYDEEP', 'RTW YARN', 'F,K', 0),
('51 LYC', 'INDORAMA', 'RTW YARN', 'F', 240);

-- Vendor Prefixes
DROP TABLE IF EXISTS vendor_prefixes CASCADE;
CREATE TABLE IF NOT EXISTS vendor_prefixes (
    id SERIAL PRIMARY KEY,
    prefix VARCHAR(50) NOT NULL,
    is_active BOOLEAN DEFAULT TRUE
);

