# Sample Data for Testing

## Copy this data into your Google Sheets

### Sales Orders Sheet
Invoice No,Invoice Date,Reverse Charge,Transport Mode,Vehicle No,LR No,LR Date,Buyer ID,Ship To ID,Place of Supply,Agent Name,Agent Mobile,E-Way Bill,Sale Contract No,Party Contract No,Challan No,E-Invoice No,Ack Date,GST Type
RTW/D/26/619,29/12/2025,No,SHRI DATTA CARRYING CORPORATION,MH-09-1234,20781,29/12/2025,B001,B001,MAHARASHTRA,SURENDRA S DAMANI,9876543210,D26-671,RTW/D/25-26/D-0280,GPI/10307/26,D26-671,321423074960458d3ba616a813071790606585813,2025-12-29 18:02:00,CGST/SGST

### Order Items Sheet
Invoice No,Description,HSN Code,From Order No,To Order No,Pieces,Quantity,UOM,Rate
RTW/D/26/619,DORIA SHIRTINGS,520812,RTWAF26-1770,RTWAF26-1773,12,1310.70,MTR,64.50

### Buyers Sheet
Buyer ID,Name,Address,City,State,Pincode,GST No,Place
B001,MAHAN COTSIN PVT LTD,"PLOT NO - 6, G - 4/2, MIDC, TARAPUR INDUSTRIAL AREA",BHOISAN,MAHARASHTRA-27,401506,27AAFCM0378K1Z7,BHOISAN
