design_id,design_name,design_code,construction,reed,pick,weight_gsm,width_inches,status
D001,Plain Weave,PLN001,1/1 Plain,60,60,140,44,Active
D002,Twill 2/1,TWL201,2/1 Twill,72,68,155,58,Active
D003,Twill 3/1,TWL301,3/1 Twill,80,72,165,60,Active
D004,Satin 5 Harness,SAT501,5 Harness Satin,90,80,135,44,Active
D005,Poplin,POP001,Poplin Weave,100,90,120,44,Active
D006,Oxford,OXF001,Oxford Weave,52,50,180,58,Active
D007,Dobby Check,DOB001,Dobby Check,68,64,150,44,Active
D008,Jacquard Floral,JAC001,Jacquard Floral,120,110,170,58,Active
D009,Herringbone,HER001,Herringbone Twill,76,70,160,60,Active
D010,Canvas,CAN001,Canvas Plain,48,46,200,60,Active
D011,Drill,DRL001,Drill Twill,80,75,175,44,Active
D012,Chambray,CHM001,Chambray Plain,88,82,130,44,Active
D013,Denim 3/1,DNM301,3/1 Right Hand Twill,72,65,340,60,Active
D014,Voile,VOI001,Voile Plain,120,110,80,44,Active
D015,Cambric,CMB001,Cambric Plain,110,100,95,44,Active
D016,Muslin,MUS001,Muslin Plain,100,92,85,44,Active
D017,Chino,CHN001,Chino Twill,84,78,185,58,Active
D018,Corduroy,CRD001,Corduroy Pile,60,180,280,44,Active
D019,Flannel,FLN001,Flannel Twill,64,60,200,60,Active
D020,Sateen,STN001,Sateen Weave,96,88,125,44,Active
D021,Gabardine,GAB001,Gabardine Twill,88,82,190,58,Active
D022,Broadcloth,BRD001,Broadcloth Plain,112,104,115,44,Active
D023,Velvet,VLV001,Velvet Pile,72,250,320,44,Active
D024,Terry Cloth,TRY001,Terry Weave Loop,56,180,350,60,Active
D025,Waffle Weave,WAF001,Waffle Honeycomb,64,58,165,44,Active
D026,Basket Weave,BSK001,2/2 Basket,58,54,155,58,Active
D027,Rib Weave,RIB001,Rib Structure,76,70,145,44,Active
D028,Leno Weave,LEN001,Leno Open Weave,84,78,100,44,Active
D029,Crepe,CRP001,Crepe Texture,92,86,110,44,Active
D030,Stripe Vertical,STR001,Vertical Stripe,72,68,140,44,Active
