selvedge_id,selvedge_type,description,edge_finish,suitable_for,status
SV001,Plain Selvedge,Standard plain edge,Plain Lock Stitch,General Purpose,Active
SV002,Tape Selvedge,Narrow tape edge,Tape Binding,Denim & Heavy Fabrics,Active
SV003,Leno Selvedge,Leno weave edge,Leno Lock,Shirting & Suiting,Active
SV004,Fringed Selvedge,Decorative fringed edge,Open Fringe,Decorative Fabrics,Active
SV005,Picot Selvedge,Decorative picot edge,Picot Loop,Lace & Fine Fabrics,Active
SV006,Tucked Selvedge,Folded tuck edge,Tucked Fold,Industrial Fabrics,Active
SV007,Colored Selvedge,Colored edge band,Colored Yarn,Premium Denim,Active
SV008,Split Selvedge,Split edge finish,Split Weave,Technical Textiles,Active
SV009,Corded Selvedge,Reinforced cord edge,Cord Binding,Canvas & Duck,Active
SV010,Overlock Selvedge,Overlock stitch edge,Overlock Finish,Knit Fabrics,Active
SV011,Merrowed Selvedge,Merrowed edge,Chain Stitch,Flag & Banner,Active
SV012,Hemmed Selvedge,Hemmed fold edge,Fold & Hem,Home Textiles,Active
SV013,Blind Stitch Selvedge,Invisible edge,Blind Hem,Formal Shirting,Active
SV014,Zigzag Selvedge,Zigzag edge,Zigzag Stitch,Stretch Fabrics,Active
SV015,Raw Edge Selvedge,Unfinished raw edge,No Finish,Denim Special,Active
