buyer_id,buyer_name,gst_no,address,city,state,pincode,contact_person,phone,email,status
B001,MANAN COTSYN PVT LTD,27AABCM1234K1Z5,Survey No. 123 Ambad MIDC,Nashik,Maharashtra,422010,Mr. Rajesh Shah,9876543210,rajesh@manancotsyn.com,Active
B002,RAMRATAN TECHNO WEAVE,27AAPCR5895L1ZX,Plot No. 45 Satpur MIDC,Nashik,Maharashtra,422007,Mr. Ramratan Patil,9823456789,info@rtwe.com,Active
B003,SHRI DATTA CARDING CORPORATION,27AABCS5678M1Z8,Gat No. 567 Sinnar Industrial Area,Nashik,Maharashtra,422103,Mr. Suresh Datta,9834567890,suresh@dattacarding.com,Active
B004,WELSPUN INDIA LTD,24AABCW1234N1Z6,Welspun City Anjar,Kutch,Gujarat,370110,Mr. Dipali Goenka,9876501234,welspun@welspunindia.com,Active
B005,VARDHMAN TEXTILES LTD,03AABCV5678P1Z9,Vardhman Complex,Ludhiana,Punjab,141003,Mr. S.P. Oswal,9812345678,contact@vardhman.com,Active
B006,RAYMOND LTD,27AABCR9012Q1Z3,Raymond House Thane,Mumbai,Maharashtra,400607,Mr. Gautam Hari Singhania,9820123456,info@raymond.in,Active
B007,ARVIND LTD,24AABCA2345R1Z7,Naroda Road,Ahmedabad,Gujarat,380025,Mr. Sanjay Lalbhai,9825678901,arvind@arvindltd.com,Active
B008,TRIDENT LTD,03AABCT6789S1Z4,Trident House,Ludhiana,Punjab,141010,Mr. Rajinder Gupta,9814567890,trident@tridentindia.com,Active
B009,ALOK INDUSTRIES LTD,27AABCA3456T1Z8,Alok House,Mumbai,Maharashtra,400013,Mr. Dilip Jiwrajka,9820567890,info@alokind.com,Active
B010,BOMBAY DYEING,27AABCB4567U1Z2,Century Bhavan Worli,Mumbai,Maharashtra,400025,Mr. Nusli Wadia,9821234567,contact@bombaydyeing.com,Active
B011,NAHAR SPINNING MILLS LTD,03AABCN5678V1Z6,Nahar House,Ludhiana,Punjab,141008,Mr. R.S. Nahar,9815678901,nahar@naharspinning.com,Active
B012,INDO COUNT INDUSTRIES LTD,27AABCI6789W1Z9,Sonawala Building,Mumbai,Maharashtra,400001,Mr. Anil Kumar Jain,9822345678,indo@indocount.com,Active
B013,HIMATSINGKA SEIDE LTD,29AABCH7890X1Z3,Himatsingka House,Bengaluru,Karnataka,560002,Mr. Shrikant Himatsingka,9845678901,himatsingka@hssl.co.in,Active
B014,BANSWARA SYNTEX LTD,08AABCB8901Y1Z7,Syntex House,Jaipur,Rajasthan,302017,Mr. R.K. Dalmia,9414567890,banswara@banswara.com,Active
B015,SIYARAM SILK MILLS,27AABCS9012Z1Z4,Siyaram House,Mumbai,Maharashtra,400054,Mr. Ramesh Poddar,9820678901,siyaram@siyaram.com,Active
B016,KPR MILL LTD,33AABCK1234A1Z8,KPR Mill,Coimbatore,Tamil Nadu,641108,Mr. K.P. Ramasamy,9842345678,kpr@kprmill.com,Active
B017,NITIN SPINNERS LTD,08AABCN2345B1Z2,Nitin Tower,Jaipur,Rajasthan,302012,Mr. Dinesh Nolkha,9413456789,nitin@nitinspinners.com,Active
B018,SRF LTD,07AABCS3456C1Z6,SRF House,New Delhi,Delhi,110048,Mr. Ashish Bharat Ram,9810123456,srf@srf.com,Active
B019,SHAKTI BHOG FOODS LTD,27AABCS4567D1Z9,Shakti Complex,Mumbai,Maharashtra,400059,Mr. Brij Mohan,9821345678,shakti@shaktibhog.com,Active
B020,OSWAL WOOLLEN MILLS LTD,03AABCO5678E1Z3,Oswal House,Ludhiana,Punjab,141003,Mr. Abhishek Oswal,9814678901,oswal@oswalwoollen.com,Active
