master_type,master_id,master_value,display_text,description,sort_order,status
CONTRACT_TYPE,CT001,REGULAR,Regular Contract,Standard business contract,1,Active
CONTRACT_TYPE,CT002,PREMIUM,Premium Contract,Premium tier contract,2,Active
CONTRACT_TYPE,CT003,TRIAL,Trial Order,Trial order contract,3,Active
CONTRACT_TYPE,CT004,BULK,Bulk Order,Large quantity contract,4,Active
CONTRACT_TYPE,CT005,EXPORT,Export Order,International export contract,5,Active
CONTRACT_TYPE,CT006,DOMESTIC,Domestic Order,Domestic market contract,6,Active
CONTRACT_ROUTE,CR001,DIRECT,Direct Route,Direct buyer to manufacturer,1,Active
CONTRACT_ROUTE,CR002,INDIRECT,Indirect Route,Through intermediaries,2,Active
CONTRACT_ROUTE,CR003,AGENT,Agent Based,Through authorized agent,3,Active
CONTRACT_ROUTE,CR004,DISTRIBUTOR,Distributor Route,Through distributor network,4,Active
MODE_SHIPMENT,MS001,ROAD,Road Transport,Road transportation,1,Active
MODE_SHIPMENT,MS002,RAIL,Rail Transport,Railway transportation,2,Active
MODE_SHIPMENT,MS003,AIR,Air Freight,Air cargo shipment,3,Active
MODE_SHIPMENT,MS004,SEA,Sea Freight,Ocean shipping,4,Active
MODE_SHIPMENT,MS005,COURIER,Courier Service,Express courier delivery,5,Active
MODE_SHIPMENT,MS006,MULTIMODAL,Multi-Modal,Combination of transport modes,6,Active
PAYMENT_TERMS,PT001,ADVANCE,100% Advance,Full payment in advance,1,Active
PAYMENT_TERMS,PT002,CREDIT_30,30 Days Credit,Payment within 30 days,2,Active
PAYMENT_TERMS,PT003,CREDIT_45,45 Days Credit,Payment within 45 days,3,Active
PAYMENT_TERMS,PT004,CREDIT_60,60 Days Credit,Payment within 60 days,4,Active
PAYMENT_TERMS,PT005,PDC,Post Dated Cheque,Payment by PDC,5,Active
PAYMENT_TERMS,PT006,LC,Letter of Credit,LC based payment,6,Active
PAYMENT_TERMS,PT007,50_50,50% Advance 50% Credit,Partial advance payment,7,Active
PAYMENT_TERMS,PT008,CAD,Cash Against Delivery,COD payment,8,Active
PAYMENT_TERMS,PT009,SIGHT_DRAFT,Sight Draft,Documents against payment,9,Active
DELIVERY_TERMS,DT001,FOB,FOB - Free on Board,Seller delivers to port,1,Active
DELIVERY_TERMS,DT002,CIF,CIF - Cost Insurance Freight,Seller pays freight & insurance,2,Active
DELIVERY_TERMS,DT003,CFR,CFR - Cost and Freight,Seller pays freight only,3,Active
DELIVERY_TERMS,DT004,EXW,EX-Works,Buyer collects from factory,4,Active
DELIVERY_TERMS,DT005,DDP,DDP - Delivered Duty Paid,Seller pays all costs,5,Active
DELIVERY_TERMS,DT006,DDU,DDU - Delivered Duty Unpaid,Buyer pays import duties,6,Active
DELIVERY_TERMS,DT007,FCA,FCA - Free Carrier,Seller delivers to carrier,7,Active
DELIVERY_TERMS,DT008,CPT,CPT - Carriage Paid To,Seller pays transport,8,Active
SO_TYPE,ST001,REGULAR,Regular Order,Standard sale order,1,Active
SO_TYPE,ST002,URGENT,Urgent Order,Rush order processing,2,Active
SO_TYPE,ST003,SAMPLE,Sample Order,Sample development order,3,Active
SO_TYPE,ST004,REPEAT,Repeat Order,Repeat previous order,4,Active
SO_TYPE,ST005,TRIAL,Trial Production,Trial run order,5,Active
GST_TYPE,GT001,CGST_SGST,CGST/SGST,Within state GST,1,Active
GST_TYPE,GT002,IGST,IGST,Interstate GST,2,Active
GST_TYPE,GT003,EXEMPT,GST Exempt,Tax exempt items,3,Active
GST_TYPE,GT004,NIL_RATED,Nil Rated,Zero GST items,4,Active
BANK_NAME,BK001,SBI,State Bank of India,State Bank of India,1,Active
BANK_NAME,BK002,HDFC,HDFC Bank,HDFC Bank Ltd,2,Active
BANK_NAME,BK003,ICICI,ICICI Bank,ICICI Bank Ltd,3,Active
BANK_NAME,BK004,AXIS,Axis Bank,Axis Bank Ltd,4,Active
BANK_NAME,BK005,PNB,Punjab National Bank,PNB,5,Active
BANK_NAME,BK006,BOB,Bank of Baroda,Bank of Baroda,6,Active
BANK_NAME,BK007,CANARA,Canara Bank,Canara Bank,7,Active
BANK_NAME,BK008,KOTAK,Kotak Mahindra Bank,Kotak Bank,8,Active
TERMS_CONDITIONS,TC001,STANDARD,Standard Terms,Standard business terms,1,Active
TERMS_CONDITIONS,TC002,CUSTOM,Custom Terms,Customer specific terms,2,Active
TERMS_CONDITIONS,TC003,EXPORT,Export Terms,Export specific terms,3,Active
QUALITY_CHECK,QC001,BASIC,Basic Inspection,Standard quality check,1,Active
QUALITY_CHECK,QC002,ADVANCED,Advanced Testing,Detailed lab testing,2,Active
QUALITY_CHECK,QC003,AQL,AQL Standard,Acceptable Quality Level,3,Active
QUALITY_CHECK,QC004,4_POINT,4 Point System,Fabric 4 point inspection,4,Active
PACKING_TYPE,PK001,ROLL,Roll Packing,Standard roll packing,1,Active
PACKING_TYPE,PK002,FOLDED,Folded Packing,Folded in poly bags,2,Active
PACKING_TYPE,PK003,BALE,Bale Packing,Compressed bale packing,3,Active
PACKING_TYPE,PK004,CARTON,Carton Packing,Export carton packing,4,Active
PACKING_TYPE,PK005,WOODEN_CRATE,Wooden Crate,Wooden crate packing,5,Active
