transport_id,transport_name,contact_person,phone,email,vehicle_type,pan_no,gst_no,address,city,state,status
T001,VRL LOGISTICS LTD,Mr. Vijay Sankeshwar,9845012345,vrl@vrllogistics.com,Container Truck,AABCV1234K,29AABCV1234K1Z5,VRL House,Hubballi,Karnataka,Active
T002,GATI LTD,Mr. Mahendra Agarwal,9866123456,gati@gati.com,Multi-Axle Truck,AABCG2345L,36AABCG2345L1Z6,Gati House,Hyderabad,Telangana,Active
T003,TCI TRANSPORT,Mr. Chander Agarwal,9887234567,tci@tciexpress.in,Container & Trailer,AABCT3456M,07AABCT3456M1Z7,TCI House,New Delhi,Delhi,Active
T004,BLUEDART EXPRESS,Mr. Anil Khanna,9808345678,bluedart@bluedart.com,Small Commercial,AABCB4567N,27AABCB4567N1Z8,Blue Dart Centre,Mumbai,Maharashtra,Active
T005,DELHIVERY,Mr. Sahil Barua,9829456789,support@delhivery.com,Light Commercial,AABCD5678O,29AABCD5678O1Z9,Delhivery Hub,Bengaluru,Karnataka,Active
T006,FEDEX INDIA,Mr. Raj Subramaniam,9840567890,fedex@fedex.com,Express Cargo,AABCF6789P,27AABCF6789P1Z1,FedEx Centre,Mumbai,Maharashtra,Active
T007,DHL EXPRESS,Mr. Ken Allen,9851678901,dhl@dhl.com,International Courier,AABCD7890Q,07AABCD7890Q1Z2,DHL Hub,New Delhi,Delhi,Active
T008,SAFEXPRESS,Mr. Pushkar Singh,9862789012,safex@safexpress.com,Surface Transport,AABCS8901R,27AABCS8901R1Z3,Safexpress House,Mumbai,Maharashtra,Active
T009,PROFESSIONAL COURIERS,Mr. Noshir Jungalwala,9873890123,pc@tpcindia.com,Courier Service,AABCP9012S,27AABCP9012S1Z4,PC House,Mumbai,Maharashtra,Active
T010,TRACKON COURIERS,Mr. Vishal Chadha,9884901234,trackon@trackoncouriers.com,Courier & Cargo,AABCT0123T,07AABCT0123T1Z5,Trackon Hub,New Delhi,Delhi,Active
T011,MAHINDRA LOGISTICS,Mr. Rampraveen Swaminathan,9895012345,mahindra@mahindralogistics.com,Full Truck Load,AABCM1234U,27AABCM1234U1Z6,Mahindra Towers,Mumbai,Maharashtra,Active
T012,ALLCARGO LOGISTICS,Mr. Shashi Kiran Shetty,9806123456,allcargo@allcargologistics.com,Multi-Modal,AABCA2345V,27AABCA2345V1Z7,Allcargo House,Mumbai,Maharashtra,Active
T013,AGARWAL PACKERS,Mr. Ramesh Agarwal,9817234567,agarwal@agarwalpackers.com,Household & Commercial,AABCA3456W,07AABCA3456W1Z8,Agarwal House,New Delhi,Delhi,Active
T014,DTDC COURIER,Mr. Abhishek Chakraborty,9828345678,dtdc@dtdc.in,Express Delivery,AABCD4567X,29AABCD4567X1Z9,DTDC Centre,Bengaluru,Karnataka,Active
T015,INDIA POST,Postmaster General,9839456789,indiapost@indiapost.gov.in,Parcel Service,GOVT1,EXEMPT,GPO Building,New Delhi,Delhi,Active
T016,EKART LOGISTICS,Mr. Nitin Seth,9840567890,ekart@ekartlogistics.com,E-commerce Logistics,AABCE5678Y,29AABCE5678Y1Z1,Ekart Hub,Bengaluru,Karnataka,Active
T017,XPRESSBEES,Mr. Amitava Saha,9851678901,xpress@xpressbees.com,Last Mile Delivery,AABCX6789Z,09AABCX6789Z1Z2,XpressBees Centre,Pune,Maharashtra,Active
T018,ECOM EXPRESS,Mr. T.A. Krishnan,9862789012,ecom@ecomexpress.in,E-commerce Express,AABCE7890A,07AABCE7890A1Z3,Ecom Hub,Gurgaon,Haryana,Active
T019,SHADOWFAX,Mr. Abhishek Bansal,9873890123,shadowfax@shadowfax.in,Hyperlocal Delivery,AABCS8901B,29AABCS8901B1Z4,Shadowfax Office,Bengaluru,Karnataka,Active
T020,LOCAL TRANSPORT NASHIK,Mr. Suresh Patil,9822334455,local@nashiktransport.com,Local Delivery,AABCL9012C,27AABCL9012C1Z5,Transport Nagar,Nashik,Maharashtra,Active
