uom_id,uom_code,uom_name,uom_type,conversion_factor,base_unit,description,status
U001,MTR,Meters,Length,1.0,MTR,Standard length measurement,Active
U002,YRD,Yards,Length,0.9144,MTR,Imperial length measurement,Active
U003,KG,Kilograms,Weight,1.0,KG,Standard weight measurement,Active
U004,LBS,Pounds,Weight,0.4536,KG,Imperial weight measurement,Active
U005,PCS,Pieces,Count,1.0,PCS,Individual piece count,Active
U006,ROLL,Rolls,Count,1.0,ROLL,Fabric roll count,Active
U007,BALE,Bales,Count,1.0,BALE,Cotton bale count,Active
U008,CM,Centimeters,Length,0.01,MTR,Small length measurement,Active
U009,INCH,Inches,Length,0.0254,MTR,Imperial small length,Active
U010,FT,Feet,Length,0.3048,MTR,Imperial foot measurement,Active
U011,GM,Grams,Weight,0.001,KG,Small weight measurement,Active
U012,TON,Metric Ton,Weight,1000.0,KG,Large weight measurement,Active
U013,SQM,Square Meters,Area,1.0,SQM,Area measurement,Active
U014,SQYD,Square Yards,Area,0.8361,SQM,Imperial area measurement,Active
U015,CONE,Cones,Count,1.0,CONE,Yarn cone count,Active
U016,PKT,Packets,Count,1.0,PKT,Packet count,Active
U017,BOX,Boxes,Count,1.0,BOX,Box count,Active
U018,CTN,Cartons,Count,1.0,CTN,Carton count,Active
U019,BUNDLE,Bundles,Count,1.0,BUNDLE,Bundle count,Active
U020,SET,Sets,Count,1.0,SET,Complete set count,Active
