consignee_id,consignee_name,buyer_id,address,city,state,pincode,contact_person,phone,email,gst_no,status
C001,MANAN COTSYN - NASHIK UNIT,B001,Plot A-12 Ambad MIDC Phase 2,Nashik,Maharashtra,422010,Mr. Prakash Joshi,9876543211,prakash@manancotsyn.com,27AABCM1234K1Z5,Active
C002,MANAN COTSYN - MUMBAI WAREHOUSE,B001,Godown No. 5 Bhiwandi,Mumbai,Maharashtra,421302,Mr. Sanjay More,9823456790,sanjay@manancotsyn.com,27AABCM1234K1Z5,Active
C003,RTWE - MAIN FACTORY,B002,Survey No. 234 Satpur MIDC,Nashik,Maharashtra,422007,Mr. Amit Desai,9834567891,amit@rtwe.com,27AAPCR5895L1ZX,Active
C004,RTWE - WAREHOUSE PUNE,B002,Gat No. 890 Chakan MIDC,Pune,Maharashtra,410501,Mr. Rahul Sharma,9845678902,rahul@rtwe.com,27AAPCR5895L1ZX,Active
C005,DATTA CARDING - SINNAR PLANT,B003,Plot No. 67 Sinnar Industrial Area,Nashik,Maharashtra,422103,Mr. Mahesh Kulkarni,9856789013,mahesh@dattacarding.com,27AABCS5678M1Z8,Active
C006,WELSPUN - ANJAR UNIT 1,B004,Welspun City Plot A1,Kutch,Gujarat,370110,Mr. Kishore Patel,9867890124,kishore@welspunindia.com,24AABCW1234N1Z6,Active
C007,WELSPUN - VAPI UNIT,B004,Survey No. 456 Vapi GIDC,Valsad,Gujarat,396195,Mr. Jayesh Shah,9878901235,jayesh@welspunindia.com,24AABCW1234N1Z6,Active
C008,VARDHMAN - LUDHIANA MILL,B005,Vardhman Nagar,Ludhiana,Punjab,141003,Mr. Harpreet Singh,9889012346,harpreet@vardhman.com,03AABCV5678P1Z9,Active
C009,VARDHMAN - BADDI UNIT,B005,Plot No. 23 Baddi Industrial Area,Solan,Himachal Pradesh,173205,Mr. Rajiv Kumar,9890123457,rajiv@vardhman.com,03AABCV5678P1Z9,Active
C010,RAYMOND - THANE PLANT,B006,Raymond Industrial Estate,Thane,Maharashtra,400607,Mr. Vinay Patil,9801234568,vinay@raymond.in,27AABCR9012Q1Z3,Active
C011,RAYMOND - VAPI FACILITY,B006,Plot B-45 Vapi GIDC,Valsad,Gujarat,396195,Mr. Kiran Mehta,9812345679,kiran@raymond.in,27AABCR9012Q1Z3,Active
C012,ARVIND - NARODA MILL,B007,Arvind Complex Naroda Road,Ahmedabad,Gujarat,380025,Mr. Dipak Patel,9823456780,dipak@arvindltd.com,24AABCA2345R1Z7,Active
C013,ARVIND - SANTEJ UNIT,B007,Survey No. 789 Santej GIDC,Gandhinagar,Gujarat,382721,Mr. Nitin Shah,9834567891,nitin@arvindltd.com,24AABCA2345R1Z7,Active
C014,TRIDENT - LUDHIANA MILL 1,B008,Trident Industrial Area,Ludhiana,Punjab,141010,Mr. Gurpreet Singh,9845678902,gurpreet@tridentindia.com,03AABCT6789S1Z4,Active
C015,TRIDENT - BUDHLADA UNIT,B008,Village Budhlada,Mansa,Punjab,151502,Mr. Manpreet Kaur,9856789013,manpreet@tridentindia.com,03AABCT6789S1Z4,Active
C016,ALOK - SILVASSA PLANT,B009,Plot No. 123 Silvassa Industrial Estate,Silvassa,Dadra & Nagar Haveli,396230,Mr. Ravi Desai,9867890124,ravi@alokind.com,27AABCA3456T1Z8,Active
C017,BOMBAY DYEING - WORLI MILL,B010,Century Mill Compound,Mumbai,Maharashtra,400025,Mr. Suresh Iyer,9878901235,suresh@bombaydyeing.com,27AABCB4567U1Z2,Active
C018,NAHAR - LUDHIANA UNIT,B011,Nahar Industrial Complex,Ludhiana,Punjab,141008,Mr. Jaswinder Singh,9889012346,jaswinder@naharspinning.com,03AABCN5678V1Z6,Active
C019,INDO COUNT - GOA FACILITY,B012,Plot No. 456 Verna Industrial Estate,Goa,Goa,403722,Mr. Ganesh Naik,9890123457,ganesh@indocount.com,27AABCI6789W1Z9,Active
C020,HIMATSINGKA - BANGALORE MILL,B013,Survey No. 234 Peenya Industrial Area,Bengaluru,Karnataka,560058,Mr. Krishna Murthy,9801234568,krishna@hssl.co.in,29AABCH7890X1Z3,Active
