quality_id,quality_name,description,fabric_type,gsm,count,status
Q001,100% Cotton 40s Combed,Premium combed cotton fabric,Cotton,140,40s,Active
Q002,100% Cotton 30s Carded,Standard carded cotton,Cotton,160,30s,Active
Q003,Poly Cotton 65/35,Poly cotton blend fabric,Blended,120,50s,Active
Q004,100% Polyester 75D,Pure polyester fabric,Synthetic,100,75D,Active
Q005,Cotton Viscose 60/40,Cotton viscose blend,Blended,135,40s,Active
Q006,100% Cotton 20s Open End,Open end yarn fabric,Cotton,180,20s,Active
Q007,Cotton Lycra 95/5,Cotton with elastane,Blended,150,40s,Active
Q008,100% Cotton 60s Combed,Super fine combed cotton,Cotton,120,60s,Active
Q009,Poly Viscose 55/45,Poly viscose blend,Blended,130,50s,Active
Q010,100% Cotton 2/40s,2 ply cotton yarn,Cotton,145,2/40s,Active
Q011,Linen Cotton 55/45,Linen cotton blend,Blended,170,40s,Active
Q012,100% Viscose 30s,Pure viscose fabric,Synthetic,110,30s,Active
Q013,Modal Cotton 50/50,Modal cotton blend,Blended,125,40s,Active
Q014,100% Cotton Slub,Slub yarn fabric,Cotton,155,40s,Active
Q015,Bamboo Cotton 70/30,Bamboo cotton blend,Blended,140,40s,Active
Q016,100% Cotton Compact 50s,Compact spinning cotton,Cotton,130,50s,Active
Q017,Tencel Cotton 60/40,Tencel cotton blend,Blended,115,40s,Active
Q018,100% Cotton Organic 40s,Organic certified cotton,Cotton,140,40s,Active
Q019,Melange Cotton,Melange dyed cotton,Cotton,150,40s,Active
Q020,100% Cotton 2/60s,2 ply fine cotton,Cotton,125,2/60s,Active
Q021,PC Terry 80/20,Poly cotton terry,Blended,250,30s,Active
Q022,100% Cotton Flannel,Brushed cotton flannel,Cotton,200,30s,Active
Q023,Siro Cotton 40s,Siro spinning cotton,Cotton,135,40s,Active
Q024,100% Cotton Ring Spun 30s,Ring spun cotton,Cotton,165,30s,Active
Q025,Acrylic Cotton 50/50,Acrylic cotton blend,Blended,140,40s,Active
